<?xml version="1.0" encoding="UTF-8"?>
<project-private xmlns="http://www.netbeans.org/ns/project-private/1">
    <editor-bookmarks xmlns="http://www.netbeans.org/ns/editor-bookmarks/2" lastBookmarkId="0"/>
    <open-files xmlns="http://www.netbeans.org/ns/projectui-open-files/2">
        <group>
            <file>file:/C:/Users/rlopez/Documents/Raquel%20TEMAS/Unidad%205%20Clases/Banco_apuntes/src/a_apuntes/CuentaBancaria.java</file>
            <file>file:/C:/Users/rlopez/Documents/Raquel%20TEMAS/Unidad%205%20Clases/Banco_apuntes/src/a_apuntes/Persona.java</file>
            <file>file:/C:/Users/rlopez/Documents/Raquel%20TEMAS/Unidad%205%20Clases/Banco_apuntes/src/a_apuntes/Principal.java</file>
        </group>
    </open-files>
</project-private>
