<?xml version="1.0" encoding="UTF-8"?>
<project-private xmlns="http://www.netbeans.org/ns/project-private/1">
    <editor-bookmarks xmlns="http://www.netbeans.org/ns/editor-bookmarks/2" lastBookmarkId="0"/>
    <open-files xmlns="http://www.netbeans.org/ns/projectui-open-files/2">
        <group>
            <file>file:/C:/Users/raquel/Dropbox/PROGRAMACION%20JAVA/Tema%205%20-%20Clases%20y%20Herencia/3.%20Herencia/FigurasHerencia/FigurasHerencia_Abstract/src/abstractas/Circulo.java</file>
            <file>file:/C:/Users/raquel/Dropbox/PROGRAMACION%20JAVA/Tema%205%20-%20Clases%20y%20Herencia/3.%20Herencia/FigurasHerencia/FigurasHerencia_Abstract/src/abstractas/Figura.java</file>
            <file>file:/C:/Users/raquel/Dropbox/PROGRAMACION%20JAVA/Tema%205%20-%20Clases%20y%20Herencia/3.%20Herencia/FigurasHerencia/FigurasHerencia_Abstract/src/abstractas/Probando.java</file>
        </group>
    </open-files>
</project-private>
